{
  "configVersion": 1,
  "timestamp": 1759524249748,
  "index": "/index.csr.html",
  "assetGroups": [
    {
      "name": "app",
      "installMode": "prefetch",
      "updateMode": "prefetch",
      "cacheQueryOptions": {
        "ignoreVary": true
      },
      "urls": [
        "/chunk-4E2VJWSK.js",
        "/chunk-4IIHAL6L.js",
        "/chunk-5ET53AVA.js",
        "/chunk-ANGDLSND.js",
        "/chunk-B3WZX5Z5.js",
        "/chunk-GX6TLSYS.js",
        "/chunk-IEVIATPJ.js",
        "/chunk-MLVLGQVW.js",
        "/chunk-NX5QT64V.js",
        "/chunk-OYSP7I2A.js",
        "/chunk-TMQD5YC6.js",
        "/chunk-X7ILVH5W.js",
        "/chunk-ZASFB5BL.js",
        "/favicon.ico",
        "/index.csr.html",
        "/main-MSOYRA3R.js",
        "/polyfills-5CFQRCPP.js",
        "/scripts-N7CG43RU.js",
        "/styles-5OM4SH5F.css"
      ],
      "patterns": []
    },
    {
      "name": "assets",
      "installMode": "lazy",
      "updateMode": "prefetch",
      "cacheQueryOptions": {
        "ignoreVary": true
      },
      "urls": [
        "/assets/clients/actifisio/logo.png",
        "/assets/clients/masajecorporaldeportivo/logo.png",
        "/assets/logo-clinica.png",
        "/media/bootstrap-icons-CVBWLLHT.woff2",
        "/media/bootstrap-icons-VQNJTM6Q.woff"
      ],
      "patterns": []
    }
  ],
  "dataGroups": [],
  "hashTable": {
    "/assets/clients/actifisio/logo.png": "89b3e3a5380bf3b303d2030b43d3a96a1c1ab443",
    "/assets/clients/masajecorporaldeportivo/logo.png": "2381f87c754d52dff0d327448e31681ce61558db",
    "/assets/logo-clinica.png": "2381f87c754d52dff0d327448e31681ce61558db",
    "/chunk-4E2VJWSK.js": "bbb91513f88d80c04eaccdfaf1c386635d5d629c",
    "/chunk-4IIHAL6L.js": "36393fd8fc0092448f77d5db77824a8bc3307043",
    "/chunk-5ET53AVA.js": "7dcde9cad64ad59494c57c887901bc5b05107777",
    "/chunk-ANGDLSND.js": "7f3203b4e39b07d3cd793a51b01c95e27af3e715",
    "/chunk-B3WZX5Z5.js": "3374f2d29375f87e7da9d5a4b0d84c04c4d189ea",
    "/chunk-GX6TLSYS.js": "cc660cf3b42f37392fd828038f39cc1f5953be6a",
    "/chunk-IEVIATPJ.js": "29e222b66d13c6b2338152ff9c717896a0060f22",
    "/chunk-MLVLGQVW.js": "1a9d341a7ad48ff2c68351753e4e2be7d243d68b",
    "/chunk-NX5QT64V.js": "1f5bbe6576729dcb4911df4b6b20a16129446382",
    "/chunk-OYSP7I2A.js": "6fb7a1f85559b3e27dfa1ce5db96a42a5bbce35b",
    "/chunk-TMQD5YC6.js": "738961f3eba1f08208b90fbade720a375f5def77",
    "/chunk-X7ILVH5W.js": "e111395fdddd81c0facda389efd310c811f142b0",
    "/chunk-ZASFB5BL.js": "4c58b6c965ae5a6790a0af6e4a5eb7c586832ac9",
    "/favicon.ico": "9c39f434fe1261f68c5e3eefdf734630d99c5670",
    "/index.csr.html": "1918b1d7f782dda1893578b07cb8f89f83b970e7",
    "/main-MSOYRA3R.js": "fe6d2dc0af3aa01df772d2409e7dd7ec2ee7f308",
    "/media/bootstrap-icons-CVBWLLHT.woff2": "b441fcff939e24fa0906a37b7788788b9fddbb68",
    "/media/bootstrap-icons-VQNJTM6Q.woff": "762010c79b4a05e1131fc8fb3b1aeff324d8033f",
    "/polyfills-5CFQRCPP.js": "f2241e9a25858f895ce299d15f6f22e849e2fd72",
    "/scripts-N7CG43RU.js": "8c0d1a26ca54a79e68728437175e57f8ddc83c5c",
    "/styles-5OM4SH5F.css": "c21dfa30b9a21161538710b6d13e999b48fa5618"
  },
  "navigationUrls": [
    {
      "positive": true,
      "regex": "^\\/.*$"
    },
    {
      "positive": false,
      "regex": "^\\/(?:.+\\/)?[^/]*\\.[^/]*$"
    },
    {
      "positive": false,
      "regex": "^\\/(?:.+\\/)?[^/]*__[^/]*$"
    },
    {
      "positive": false,
      "regex": "^\\/(?:.+\\/)?[^/]*__[^/]*\\/.*$"
    }
  ],
  "navigationRequestStrategy": "performance"
}