id,creditPackId,appointmentId,unitsUsed,createdAt
98f93990-3eb7-4603-b7ab-f24b90fbf10c,68d4ccbf-dfd9-457d-8a6b-5f832ed563c6,06f87976-87c6-47b6-95e5-61afa40594ea,1,1756451800528
81797ce9-3923-453b-93ad-a2d9682521e6,68d4ccbf-dfd9-457d-8a6b-5f832ed563c6,82ac0057-b950-443c-8b7a-e8f286528f6b,2,1756451800576
317bcf42-7a7c-4441-bb94-0af0830940a0,68d4ccbf-dfd9-457d-8a6b-5f832ed563c6,99e5b38c-e5f7-49af-bc38-42f80ca3efb0,1,1756451800616
d04a91b9-65b6-4cfe-ad35-62f7e193ce54,68d4ccbf-dfd9-457d-8a6b-5f832ed563c6,4f4f26a0-b79e-4ca5-9f95-9a8301e5235f,2,1756451800654
46a84884-d935-4bb2-8bf7-b3095f78e3cf,68d4ccbf-dfd9-457d-8a6b-5f832ed563c6,5c1bba20-2077-4582-b082-f90551a2fae0,1,1756451800691
7e4c434d-4c4e-42fc-9914-96b6d9d536a8,68d4ccbf-dfd9-457d-8a6b-5f832ed563c6,028cd5f1-da23-43ee-b295-dbe449c21107,1,1756451800728
9f2dd3e6-b17c-4d6b-a006-49db46ea490d,68d4ccbf-dfd9-457d-8a6b-5f832ed563c6,f1cdf861-42a8-4014-9686-41a298173ed9,1,1756451800765
c538b2fa-7211-45f3-aca3-cc5ad5acf618,68d4ccbf-dfd9-457d-8a6b-5f832ed563c6,db026ef9-9410-4a87-8d64-c2229aeae39c,1,1756451800803
c7423453-e9a7-442e-a5be-73e5c23ebf4f,ce48b946-ce9e-45d4-aca3-cdfd60961920,a9ba3991-6537-4802-a32a-2dbe7fc5ae2d,1,1756451800842
fa24f0d9-8cb1-4142-a132-1fec6f1c6825,ce48b946-ce9e-45d4-aca3-cdfd60961920,a42224e9-54f1-4997-8a53-e26a224be7f6,2,1756451800878
b7e7cac0-f48d-4a57-8f3f-c851f6e73686,ce48b946-ce9e-45d4-aca3-cdfd60961920,ab76e054-01fc-4be1-9f58-3150bfe14ef6,1,1756451800911
45a07be0-fb44-439c-a1f2-2c9f1c63c103,ce48b946-ce9e-45d4-aca3-cdfd60961920,f1cf42db-2612-450d-8d82-783e3d19135a,1,1756451800960
563da40e-bf0e-464f-a535-cd01af49111e,8237e30b-5d80-4827-95ff-86b3b59f9218,7952aac9-db28-402d-ab0c-03cdcb315612,1,1756451801015
9d0b5c66-9175-4903-9731-f83b83761176,8237e30b-5d80-4827-95ff-86b3b59f9218,12f81792-56cf-4506-81a8-7d508cffffdd,2,1756451801063
36acbb60-7ea3-4596-81b6-2cfaa0297d82,8237e30b-5d80-4827-95ff-86b3b59f9218,04387a7e-6261-40e7-b867-0082257f8093,1,1756451801122
093873ab-93a9-48fd-9613-64a3e53b9c88,8237e30b-5d80-4827-95ff-86b3b59f9218,fd1e6746-85e6-49ef-ab13-4f3c5878e5f8,1,1756451801161
e3c09d25-41a6-4f6a-a159-316dc5ed6127,3cc2259a-0e84-45aa-8966-43cc98f7ab38,916e78a6-1a4a-4073-88c4-2cd2d1357355,2,1756451801198
7adc16db-f663-4c67-8594-f083a4f642c8,3cc2259a-0e84-45aa-8966-43cc98f7ab38,3dd516af-d61c-42a0-970f-58a6c499c1f3,2,1756451801234
6f17791d-5d94-4af9-b835-18ccfc8a8b81,3cc2259a-0e84-45aa-8966-43cc98f7ab38,dadbc3e5-6889-4058-accc-0ee2683437b8,1,1756451801271
78050a8c-7cff-4125-9561-3c09f24aa896,3cc2259a-0e84-45aa-8966-43cc98f7ab38,90a5d86d-baf0-4271-9423-1d2aff3bc7d0,2,1756451801382
bcf7dd0c-674a-4975-9bde-64acde7d55bf,3cc2259a-0e84-45aa-8966-43cc98f7ab38,280055d2-82d7-4f27-b0df-c86512919e25,1,1756451801430
854cae41-2ed8-4041-8415-c92b403aa430,3cc2259a-0e84-45aa-8966-43cc98f7ab38,c9a46159-6bb9-4e79-b8f5-af252adfa251,2,1756451801462
529e8e69-7c33-4482-8c77-465e35cb5717,39ff8820-1707-4a7a-8394-b95bdea4d3a3,9c16d68e-0ce5-4291-b49d-e701e3bc4d48,1,1756451801502
a3c7995e-790d-46ba-a79a-0bd90db423a1,39ff8820-1707-4a7a-8394-b95bdea4d3a3,27afbeeb-af0c-4a1b-afff-27a98436fce0,2,1756451801558
ef5a8075-d589-4d38-8824-7435a5b30fa6,39ff8820-1707-4a7a-8394-b95bdea4d3a3,a97c313c-4b48-496e-81ba-9271322ad37a,1,1756451801610
040152d0-1a79-4d84-b113-4e1e8726d545,39ff8820-1707-4a7a-8394-b95bdea4d3a3,3bd021cd-a50a-4dfb-8325-04c267ac69a1,2,1756451801661
fb4a2662-367e-49bc-a0c6-828feb17638c,39ff8820-1707-4a7a-8394-b95bdea4d3a3,49be0ce4-1eaf-460a-a169-a497285124f6,1,1756451801709
49808c22-6e2c-43a8-adf9-ea45e0ffef90,39ff8820-1707-4a7a-8394-b95bdea4d3a3,a83fd5e4-b895-4f0a-8130-e255a278ad99,2,1756451801755
7c8c920d-fa17-49f8-9c6c-c81ac3c84cbc,39ff8820-1707-4a7a-8394-b95bdea4d3a3,9ceddc3c-bec5-4384-9fb8-5b68f5cfbc18,1,1756451801795
dd230cae-a7d7-4ddc-a969-59b4fbe5eea4,d5b83d9d-846b-46e7-b133-83f918b7eccd,eb7c31f1-bcf6-4eec-a3f5-1e243ac410bf,2,1756451801833
f04b9d48-c201-460f-8c47-48e150627846,d5b83d9d-846b-46e7-b133-83f918b7eccd,2ab806bb-83d7-4bd7-b419-49805f236b42,2,1756451801873
62ae4ac9-7c2b-4302-a979-8caa46022e19,d5b83d9d-846b-46e7-b133-83f918b7eccd,b826de3e-2bc2-43ef-9eb5-0986167621f1,2,1756451801911
799b412c-3b58-4bf8-9a34-afb4af6f0403,d5b83d9d-846b-46e7-b133-83f918b7eccd,4295c4c0-1081-424b-be9f-d6304bed1e64,2,1756451801949
1ff000f0-411c-4aa6-bc40-b45f03fc6b78,d5b83d9d-846b-46e7-b133-83f918b7eccd,9f776d1d-b162-4a18-8ae7-fbca86b08b08,2,1756451801981
ee1b4378-5e03-458a-ab4e-95491c767b36,7452909a-0046-4b9a-b279-3dd8dbf35efc,88d58c6f-c9dd-4be4-9276-4782e0e1c2bf,1,1756451802018
f16cc180-ac2e-404d-9801-c39b0a562d40,7452909a-0046-4b9a-b279-3dd8dbf35efc,22cc197f-05a2-4d73-a2e2-45459d9367c4,1,1756451802054
1fae4cef-d176-4819-9eeb-a2c3317d254b,7452909a-0046-4b9a-b279-3dd8dbf35efc,2c83bfc6-4d4b-49ba-928a-bc5212f2f76d,2,1756451802091
ac12d0bd-63b5-45c0-ad37-5bdfe064c970,7452909a-0046-4b9a-b279-3dd8dbf35efc,1ecceb93-26dd-4d89-b9e1-0c096b169a04,2,1756451802128
719f7c73-1204-4d1b-b9ef-1467c3187e51,7452909a-0046-4b9a-b279-3dd8dbf35efc,63cfd856-1bf4-4544-9356-611f99243628,2,1756451802166
13dd3629-0b6d-4984-a467-8a886e7058ad,7452909a-0046-4b9a-b279-3dd8dbf35efc,859d4ac0-c883-484f-aabc-7301222cbda4,2,1756451802204
0718d669-3a41-40e0-8da4-76d56e1a6112,49f1802a-f0cf-4653-bfa6-17df2b9d2281,073b52ec-3a6c-471b-af08-425a70dc9552,2,1756451802243
87cdd300-1943-4917-8fe0-d113bfb886ee,49f1802a-f0cf-4653-bfa6-17df2b9d2281,1530796c-75ba-49e4-915c-2de0bfb3568c,2,1756451802282
2bb703af-9ce0-470e-a1dc-040a928b7808,49f1802a-f0cf-4653-bfa6-17df2b9d2281,4e90832e-3b05-471e-bdf6-3c9cbc8bd9d6,1,1756451802320
f0333c0e-118e-4710-b1f1-7c19d2dc3bae,dfa6d913-581e-47f7-9a17-949d96e86679,592fc122-79ec-4897-b9eb-f461ea755ba6,1,1756451802357
02b01566-bbd3-4c73-ac87-0be326945701,07846ac6-d7ee-457e-9518-03492f7b2a39,72417b0b-fc0c-41a5-b0f3-32ab1198cf14,1,1756451802399
6fc6eda8-b496-4f5c-af19-1d9398d18219,07846ac6-d7ee-457e-9518-03492f7b2a39,46b04845-36bd-47f9-bdd7-1ead6a45bfff,1,1756451802437
bf3ae7c2-84b5-45de-9dd0-db2a4fd7e465,07846ac6-d7ee-457e-9518-03492f7b2a39,b715ae5b-c0a9-4ec4-a15d-46dff6b8faca,2,1756451802497
a39ffc86-f681-48d5-aace-178d5a4555a8,07846ac6-d7ee-457e-9518-03492f7b2a39,7c5a6d7c-459b-4d0b-b9dc-3397746dbf47,1,1756451802539
7d9ae0e5-9d4f-4f0a-9738-2b9ddc68447c,07846ac6-d7ee-457e-9518-03492f7b2a39,583749c6-49a5-46cf-814d-769975ae8a96,2,1756451802576
7c460cfc-dbab-4cab-bf24-6dca0530850f,07846ac6-d7ee-457e-9518-03492f7b2a39,0d717a36-4c50-4cf3-8113-37380462f1c8,2,1756451802611
7b9ceb27-5f1c-4c5c-9de4-6d9c15b148a4,07846ac6-d7ee-457e-9518-03492f7b2a39,67e22d8c-b496-44c5-a882-34434ef2f875,1,1756451802647
ca5257ae-6161-4015-866e-be3197bc1a89,bb61e55a-59b0-477d-801a-3ba1a5c13edd,fcad273a-495c-4d17-bad0-5d71f8d74d91,2,1756451802683
649e9af3-3d35-4776-bcf3-ead158ae68eb,bb61e55a-59b0-477d-801a-3ba1a5c13edd,74986378-1cb9-4760-93f6-414032962c04,1,1756451802719
d90f8b6a-b3db-45dc-aeac-14d52763ecfe,bb61e55a-59b0-477d-801a-3ba1a5c13edd,e0b48d15-8e65-43d5-a287-88b2b10f26df,1,1756451802756
fd16aadc-353c-4d08-8caa-6bf6d1b7259f,bb61e55a-59b0-477d-801a-3ba1a5c13edd,26543e7d-6576-4976-9240-9d05cfad4674,1,1756451802794
9a8dd0d1-c0ed-4f77-974a-f2f981753a61,89b1570d-4cdb-4d3d-b316-531e6436be1c,89cfa954-392b-42f4-9478-c56c0b16339c,1,1756451802831
b3d667ec-0fcb-4466-8da7-6d9afe9ffffa,c4cc5131-da7a-4726-8ae6-df31705ecfcc,8c796391-855a-4c61-bbaf-79b565a9d6dd,1,1756451802870
dc87f973-2e55-413f-bf2f-4f948682cd08,c4cc5131-da7a-4726-8ae6-df31705ecfcc,f8d6052d-f7bd-44df-9dd1-4feaf0bebb6b,2,1756451802906
16d6410b-250b-44f8-bdce-b02bb59718cb,c4cc5131-da7a-4726-8ae6-df31705ecfcc,2f964b3e-cb17-4943-a86b-f958ffcba1d1,2,1756451802944
ec4eee3f-b2cf-4853-8757-f1d14673110b,df77ed8f-9e5e-4828-ab71-9e96877857a7,43842983-e735-490c-aadf-28200b05972e,2,1756451802980
ab24849f-262e-47e1-a41f-4e683ae9d096,775be370-a786-4f08-8577-df8ec9eb6a0b,4dad6923-0e3c-4442-9271-dc833069e9a7,1,1756451803012
c6391364-078d-4f08-b7a7-b545617ea64d,775be370-a786-4f08-8577-df8ec9eb6a0b,9110c1e7-989b-49d3-86ff-eea3b3f19d42,1,1756451803057
0dbe1cc2-639c-470d-89ad-05d4b22c3deb,66750657-09d4-43e4-92ca-9f8c0e43a4fa,d83066c8-a928-4951-989d-50fd2e874004,1,1756451803093
c7344bbb-b191-4afd-ad52-1e28b22b4158,7349e1c0-0537-4cad-abd3-3eb5b602c580,878b1381-f0f5-4896-bf76-f5c076b627e8,1,1756451803129
91302686-18a8-4413-8ace-d1d386dc813c,7349e1c0-0537-4cad-abd3-3eb5b602c580,618b0501-e2f4-4fc8-ae39-cd4f99ad6fa5,1,1756451803164
da979c13-106d-4db8-9775-28c4562063e3,7349e1c0-0537-4cad-abd3-3eb5b602c580,87514b29-831a-4f0c-b345-985ae743bb52,2,1756451803202
1c29d745-6207-4c5d-97b7-b8e4b49954b4,7349e1c0-0537-4cad-abd3-3eb5b602c580,18f07684-bdb8-4268-bc65-57dd4f4e6b99,1,1756451803241
3229665c-340b-4eed-84cc-f214f245f341,56819400-0e34-4b14-ba1b-3da8fc992878,26602b8c-7910-4ce2-912b-3277efdc339c,2,1756451803278
7a90514b-53dd-47b7-8c0e-915551ea5ac5,56819400-0e34-4b14-ba1b-3da8fc992878,c8820e0c-ed16-47c3-89ed-35926e7d1d34,1,1756451803319
d4362c0d-b259-48a0-9d05-3085dea70802,56819400-0e34-4b14-ba1b-3da8fc992878,b332717e-a2c5-46be-898c-6cd2aca935e8,1,1756451803357
a46691b0-d56f-4abc-8f14-43cdd06ea345,56819400-0e34-4b14-ba1b-3da8fc992878,4466ae64-d7c1-4c3e-9939-ea148456f3dd,2,1756451803398
43af33af-15d0-4b31-9949-3b3df42801da,56819400-0e34-4b14-ba1b-3da8fc992878,1f399ebb-a235-40bd-b8a2-a959df3ae4fb,1,1756451803436
3926c470-1cc8-40d2-9c0e-675e7fa66593,56819400-0e34-4b14-ba1b-3da8fc992878,7eb9352a-b8b9-4bdc-b225-c52bacc6015d,2,1756451803472
641ded93-1c54-4275-a667-ad14736a7816,56819400-0e34-4b14-ba1b-3da8fc992878,36ffc300-c18a-4c6a-8fc5-3ccacc26fd59,1,1756451803509
af4925ff-b78f-4aeb-b2df-94746d6b9b28,6f86d72a-b3c5-409e-ad89-1795608f7af0,125c523e-1dd9-41fc-8901-1b79e104f7b4,2,1756451803547
15739ce2-c340-4990-ba2f-b19edb1b1a4f,6f86d72a-b3c5-409e-ad89-1795608f7af0,a27d8298-210d-44cb-a55a-c685507bd74b,1,1756451803584
ae7e2d7e-aef1-457b-bd94-1aa6edf40907,6f86d72a-b3c5-409e-ad89-1795608f7af0,8ac31c46-8798-4b6e-8cf8-13c81170caa3,1,1756451803620
c869144a-e614-470e-a16d-a2da55b2c7d1,6f86d72a-b3c5-409e-ad89-1795608f7af0,4b7ef5d4-2a46-495b-8917-f4c244aaf3e9,1,1756451803654
5507b095-ce34-459e-b6fd-81d7beaac29e,7924744b-2b2e-43e0-a37f-4ab013186d0b,96e62c54-a1be-45ec-8d95-7d58a294ad4d,2,1756451803688
22d5deef-448b-48fd-9658-3547b740247a,7924744b-2b2e-43e0-a37f-4ab013186d0b,15d3af27-c810-4cb2-af13-4a09724a59d9,2,1756451803724
acb47317-4199-4539-9ae8-1501b5db4a39,7924744b-2b2e-43e0-a37f-4ab013186d0b,f933ed20-550e-4774-acd3-034130b5345a,1,1756451803759
24a92e94-a892-4a5b-974c-a5a2d8899f81,f6915fbe-e46a-48da-a6c8-8dbf06aec13f,77b8f763-8af8-4bca-aad0-41b0efa47c95,1,1756451803796
c2cb6eb2-ae4d-41b0-b7e4-22b97102ceda,f6915fbe-e46a-48da-a6c8-8dbf06aec13f,7b43720c-f27c-4540-8b43-e654c6b72e4f,2,1756451803830
4a1cced5-2dac-4374-aeb7-2a3408e1a620,f6915fbe-e46a-48da-a6c8-8dbf06aec13f,12dff78c-7a18-4756-8b3a-94937fbdf1ab,2,1756451803868
8a79423b-4f42-4d06-ae4e-30d2801d0258,f6915fbe-e46a-48da-a6c8-8dbf06aec13f,083eadc2-1a0f-4382-bf9a-496135104e7f,1,1756451803905
027f6284-e400-4070-81ec-389e3848534a,f6915fbe-e46a-48da-a6c8-8dbf06aec13f,e9949c69-af09-447a-b9dd-d2da69b4fed9,1,1756451803943
8fb50caa-fe37-4be8-8bbb-ba105e93f685,f6915fbe-e46a-48da-a6c8-8dbf06aec13f,031649cd-c7e2-4e6a-8d42-69f7501b61ee,1,1756451803980
fa42160a-2a34-413c-810c-99fe924e8a9a,f6915fbe-e46a-48da-a6c8-8dbf06aec13f,93b9755a-dc63-4250-8466-c317b6db62c5,1,1756451804016
7b24e40d-2504-4b1e-b466-9914049c41af,f6915fbe-e46a-48da-a6c8-8dbf06aec13f,3e6cc1ca-9f3a-419f-95b6-e61333d9b174,1,1756451804053
20275f43-3bb7-4d57-bd81-224714af6ab7,944ef15e-a378-4ca6-bf6c-8bfbf945ec6a,f1134021-7130-4a13-b0ac-17cf056b63e2,2,1756451804089
76900233-3500-4f9d-b858-c3f58269ab77,c943ca1d-f4ec-4197-be83-b759fe42a7ec,7f5e673b-461b-4fe5-acd5-c5aa4d7eb451,1,1756451804125
3d5ea3b8-1aed-4c4f-b701-e00084555cf9,c943ca1d-f4ec-4197-be83-b759fe42a7ec,3c282602-9453-43c9-8cc0-995efcfaa69e,2,1756451804161
a785be06-916d-4f7f-bbf2-b059110b3bc0,c943ca1d-f4ec-4197-be83-b759fe42a7ec,77a5b3c8-0508-46c0-a7f8-9ee1776845a9,1,1756451804200
225c8ddc-1329-4d26-b31e-80e102b5ead7,c943ca1d-f4ec-4197-be83-b759fe42a7ec,2279268e-7b8c-4b57-8ac4-d5589b6f93d6,1,1756451804235
98e4e4fb-d2f9-40c2-9653-932ab3f1405b,c943ca1d-f4ec-4197-be83-b759fe42a7ec,ad09ea41-9c7b-4c07-8a37-b7e147318b06,2,1756451804274
2ebdeb33-b7dd-43e1-9e66-237d96cb9237,c943ca1d-f4ec-4197-be83-b759fe42a7ec,c80f33de-adcb-4bd9-96ae-ff820b023ae4,1,1756451804313
4487056d-27f3-4c97-827b-902fa32ae183,c943ca1d-f4ec-4197-be83-b759fe42a7ec,c91759d0-8979-480c-a830-562e0a46b1f0,1,1756451804353
d971b76a-186c-46b4-bb50-11d77e4141db,c943ca1d-f4ec-4197-be83-b759fe42a7ec,f4435812-84e9-40d9-b5a1-f832ade9589b,1,1756451804389
1dff0aa1-0980-4e75-bed5-3d9ba2b21d06,bfececbc-2a29-4551-9640-2c21bf99878e,fe4a18b7-1e19-4a04-bfa2-b180914464de,2,1756451804425
8494892f-e37b-48ee-91bc-363f87bc1afa,bfececbc-2a29-4551-9640-2c21bf99878e,c95fb2cb-2d8f-4004-b2b1-3d00e5ed2004,2,1756451804460
e96e9c0e-ad11-4e46-bcda-dadf5106d685,bfececbc-2a29-4551-9640-2c21bf99878e,2d70387d-18b2-4540-b899-09033781c726,2,1756451804497
14230fad-584a-491d-b5ce-3cf01d17bb5f,bfececbc-2a29-4551-9640-2c21bf99878e,58f1cd7f-2c3c-4eaf-99a1-7eb0e4ccc73a,2,1756451804535
fe712df8-fac1-468f-bcf1-ef0efd83aaa2,bfececbc-2a29-4551-9640-2c21bf99878e,717b6f73-f295-4bb9-b5c1-6a6d4124c13a,2,1756451804574
5f394cfd-3c12-475c-8b67-4e1f45565c16,3e60c659-05b3-4a35-9b5a-31ec6448d956,ae1c3413-0f2a-44e6-85e9-7b306082b49a,1,1756451804612
6cb7429c-6c1e-4a78-adc0-d3818a982017,3e60c659-05b3-4a35-9b5a-31ec6448d956,7e054106-88e8-41a0-a759-00cf6175c143,2,1756451804649
30c3bb6c-66f4-49bd-8c8d-c3f602cc2edd,3e60c659-05b3-4a35-9b5a-31ec6448d956,d423ddba-3d4e-4bc9-b915-50179fb33792,1,1756451804703
6e959b63-ded3-4f3f-b691-20f95353ca23,3e60c659-05b3-4a35-9b5a-31ec6448d956,d47add79-de70-4d6a-a8a4-210f97b709a7,1,1756451804740
f6c90128-da25-456a-9338-9155a18d775c,9bb84fa3-2cf8-4c74-bdc3-fb4acd76fcaa,6e7fd729-7940-42bc-bfaa-caef617c02e8,1,1756451804778
7b710518-051b-407d-9a3c-c648d65cfcf4,9bb84fa3-2cf8-4c74-bdc3-fb4acd76fcaa,5a22db7f-7421-4faa-824f-27abcaf09b83,2,1756451804813
ca21f7c8-7321-420d-ac84-0a4bcf9cd453,9bb84fa3-2cf8-4c74-bdc3-fb4acd76fcaa,0d3cb451-15df-4abd-b399-b36662f0451b,1,1756451804851
b868194a-c3f9-4c71-b630-ae078380dfcd,9bb84fa3-2cf8-4c74-bdc3-fb4acd76fcaa,f5b9af31-9aca-4f44-a431-3df26f7b8b6a,1,1756451804887
228f1f9a-0bf1-4d91-993e-512f5656fae4,e82f45c2-26cb-43fd-a9d7-f1d7fbd19f8c,75d6177e-873a-4640-bbd0-077cfb625b82,1,1756451804926
4ff0e803-6b28-4e66-8e50-8e3ea97928f1,e82f45c2-26cb-43fd-a9d7-f1d7fbd19f8c,6a810583-3514-4f27-bc9c-f454aa021dd7,1,1756451804965
fa84ce9e-2ac2-428a-b478-b4ea82fabf41,9cf201a1-c60b-4202-96cd-34d12e79ea3f,d285ea58-835b-40dc-8217-8fe63d3a85b7,2,1756451805005
cffe9d05-4ca5-46ba-b533-ab59dc077c82,9cf201a1-c60b-4202-96cd-34d12e79ea3f,04d85635-5a58-4ec2-b882-7ae82d45dacd,2,1756451805040
12eb08f2-3922-4908-bee7-c2fd5889863a,9cf201a1-c60b-4202-96cd-34d12e79ea3f,b67542b2-220d-47d4-b046-6288613fbcb5,1,1756451805080
2c20c6b8-6aa6-46ff-84f0-84c744bf10ba,4587249e-3e18-4b66-baf2-7e750015d838,a7eed5ab-5ce8-4859-8771-5bf3e7c8d74e,2,1756451805117
f8f7a30f-5390-446e-a8e6-e85da44e64a3,4587249e-3e18-4b66-baf2-7e750015d838,cb0602b1-25dd-4751-81ae-5d95ab13b3ca,2,1756451805152
7c2f5a68-ef1d-4b2a-8b13-8a80c990a6de,4587249e-3e18-4b66-baf2-7e750015d838,1e150dd3-b373-4f2b-94ad-5a4ea3b95037,1,1756451805193
9f2c4259-be3f-4481-a7cf-d2bdddcf46a8,4b99365c-8cb5-4aac-8f78-51ea2bf6fbaf,5aa68eb2-7d70-49ca-831e-bf2dcc9aa7ca,1,1756451805231
e6f690eb-c474-4cff-bffb-9602a5463e6c,4b99365c-8cb5-4aac-8f78-51ea2bf6fbaf,9bfd3e22-cc84-41bb-9c69-2ca70b03edfe,1,1756451805267
793fafb5-2333-4e5e-a4a5-6e707fd2c069,682f6a1f-0294-4653-aa14-a3fb95c2a75e,bc1ef5f2-c249-41d1-a6d8-be23e6847ed5,1,1756451805306
85337219-03fb-47e6-a939-d7515c8723ad,682f6a1f-0294-4653-aa14-a3fb95c2a75e,8e158bb8-313f-4d98-81ed-3f47d5dbf449,1,1756451805340
86ef755c-bb07-47c3-8331-e5f6310a0ca3,682f6a1f-0294-4653-aa14-a3fb95c2a75e,fc6c715f-8b81-443d-a44f-7d7c3a949d9e,2,1756451805374
37b7a928-aa39-40d8-ad28-79471ba34ffa,682f6a1f-0294-4653-aa14-a3fb95c2a75e,9b9a7d34-f491-44a2-b458-f82fd8038477,1,1756451805406
f3dafc28-2310-4837-ab1a-729845976b97,942ec33b-170b-423d-8d46-a142438b3c74,ef08cae4-4057-4966-a4e6-0fc35e67b119,1,1756451805436
3fdcd4f4-044f-4466-910c-55d18267b7c4,942ec33b-170b-423d-8d46-a142438b3c74,a2f2f858-6f6e-41ea-8b59-4cf3f092a49b,2,1756451805503
4b7e78de-ce7e-4b61-86aa-40773cf4a59f,942ec33b-170b-423d-8d46-a142438b3c74,c00abaf5-338b-4ae8-9997-b60b59a16042,1,1756451805541
43e74582-234f-4b51-903e-dfa447568f78,942ec33b-170b-423d-8d46-a142438b3c74,9c951250-c6ca-43dc-95cd-f316c3e38d56,1,1756451805574
61f0a795-e56a-40f2-9bc3-d1c8437d5775,bccaa5d6-764d-48d4-8ea9-baf7fdfa28f9,7a98ee88-4103-4727-8df0-e5cf17d75d31,2,1756451805608
52b2f393-0e56-4147-9f2c-cd5518a17d77,bccaa5d6-764d-48d4-8ea9-baf7fdfa28f9,0512b70e-6fb1-421c-bda3-9e574f9f9761,2,1756451805639
72fda007-3f89-430c-ac9b-7a8e1031c6ca,bccaa5d6-764d-48d4-8ea9-baf7fdfa28f9,335b4b09-7255-480c-b06c-07379b9ab9b6,1,1756451805670
f7747a96-2ab0-4c6a-aaae-f4e1dbc9e560,bccaa5d6-764d-48d4-8ea9-baf7fdfa28f9,bf38c2d5-c4c5-40d4-8736-3efd30fb86ec,1,1756451805711
d5ab7a8d-5777-4a06-a4e8-c79cf8b7339b,bccaa5d6-764d-48d4-8ea9-baf7fdfa28f9,993400d6-f1c4-4f5e-bd93-cbd0b9aac77d,1,1756451805753
41d40124-eddd-48b7-ad71-5a95e885e380,bccaa5d6-764d-48d4-8ea9-baf7fdfa28f9,34d880ea-4e22-4d3b-a7c9-214cf66d24c5,1,1756451805789
335ac466-5160-4575-996a-3e67ce06c443,bccaa5d6-764d-48d4-8ea9-baf7fdfa28f9,33b83067-66ae-4562-b7f0-5f83122cc516,1,1756451805843
6197246c-f191-4d24-9e2c-6ef04745fc39,bccaa5d6-764d-48d4-8ea9-baf7fdfa28f9,6d26f1b3-e6c5-4321-b5f0-8fed044afdad,1,1756451805881
55f16d59-b4f4-48f7-89ec-7c0c3266ea76,3d473921-d5ca-4be0-8b1a-4116271c41d4,f7e73bd4-550f-435d-999b-72455132de54,2,1756451805918
0331cd75-9879-4bc2-b57d-b4977110a0bd,3d473921-d5ca-4be0-8b1a-4116271c41d4,37e94a42-80ad-45c2-b800-f3aa2ef8e562,1,1756451805959
2aa977da-7d02-4817-9b99-2135a7ef6c29,3d473921-d5ca-4be0-8b1a-4116271c41d4,703364c3-fba4-4ba2-b395-4b73ffcdd34d,2,1756451806029
6b3bf39c-306e-46aa-9610-60b771c0e39e,3d473921-d5ca-4be0-8b1a-4116271c41d4,eb72d110-94b3-4e0f-a889-406b34da1204,1,1756451806068
ba82d2e1-7710-4423-ae17-9563992d77ab,3d473921-d5ca-4be0-8b1a-4116271c41d4,61610f3a-4dcf-4751-b926-addd24e286b4,2,1756451806107
efb5a5c6-9df7-4c45-b59d-486d4071abb3,3d473921-d5ca-4be0-8b1a-4116271c41d4,60ca4215-e906-4a4d-b6a3-4a9ce3afc720,1,1756451806144
f53021cb-48a9-4754-91b8-6907e15bb96b,3d473921-d5ca-4be0-8b1a-4116271c41d4,787704e5-0524-4126-97b8-413a8fdf59a7,1,1756451806179
b575ee3c-7d67-43e9-ba63-ab1f821891d7,dad45c76-d122-48b0-a926-d61bc16989b6,c19a8362-af94-43fe-94e1-53e9da90a215,1,1756451806215
70451de3-059c-45c0-91a7-465a85c7637d,6fd55904-789a-445e-ad6b-34b5cad9826e,14b0a5be-5b4f-4159-a751-a445994e8ea5,2,1756451806247
59e7541f-ced9-47e7-bba8-368845cd8655,a0829001-79b8-43f4-bcde-4cabf153286f,0d5d4458-5617-4235-8924-29c840178dd0,2,1756451806279
6af7eb25-5c7a-4b69-a3a7-132228bb61b2,a0829001-79b8-43f4-bcde-4cabf153286f,058b6a45-8931-439e-8fd4-c571e0d2ce69,2,1756451806309
c14a1dc2-4a0a-4290-ab00-30170ac3fefb,a0829001-79b8-43f4-bcde-4cabf153286f,41a05037-c66b-4436-ba4a-f675f1373b22,1,1756451806343
d1e3b498-2374-4b53-b326-e6963fbe1a7e,276a6e40-d616-4062-983f-92d62c6629e5,09c2ec6c-59a0-4d0f-be29-38d56b69b3aa,1,1756451806377
9c7e63e2-5f6d-4aa1-93c6-0c54af21e593,7b860897-2e6c-41ec-977d-a8febf7bee03,a83a2d4f-63ed-46f1-b127-2718f6945c26,2,1756451806411
7c299b4c-0995-4efb-b254-dd80b00c2314,400cdc69-658e-4c63-ac35-69a175591cdf,cc026c4a-5b83-4d92-87d8-b8651e0c6191,1,1756451806447
33ee5fe8-690e-456a-bbfb-de7fd16c95fe,400cdc69-658e-4c63-ac35-69a175591cdf,125f0b30-0cc7-4d2f-8cdf-8e02513e9661,1,1756451806478
3fb0163d-3b8c-45b3-a4fd-b7e376ed8c54,400cdc69-658e-4c63-ac35-69a175591cdf,11318284-a690-4e3d-a0c1-36bdbd50979e,1,1756451806511
079b4ef8-480a-4176-be59-5eca590c0cc3,400cdc69-658e-4c63-ac35-69a175591cdf,b27f1dcd-a83f-4520-bb9b-0e3f7a063834,2,1756451806543
0d638883-7a88-47e9-bbf6-114ef83ce472,400cdc69-658e-4c63-ac35-69a175591cdf,29ed180e-a0f0-4870-9254-ac016a743bb8,1,1756451806576
faa82b8f-b92b-43c6-a3ca-539dd8408785,400cdc69-658e-4c63-ac35-69a175591cdf,ab50d4eb-8f3a-42c6-8c1a-27ec403037d5,2,1756451806608
683ce7f0-1d4a-4c77-9ad4-e882a8067589,400cdc69-658e-4c63-ac35-69a175591cdf,1f6ddeac-0b2c-4a7b-9f29-16730743c607,2,1756451806643
bb340e0c-4afc-40f4-a4e5-021a31cbf7d2,4aba43cc-9ec3-4875-8032-fae8ba90e87f,cbc362b5-1a62-42be-83f8-277ffc6abaad,1,1756451806677
456f68af-6709-474e-a808-60ab0f4d27de,4aba43cc-9ec3-4875-8032-fae8ba90e87f,26250871-8272-4a97-98ac-89ba849c4a46,1,1756451806709
5fce9404-4c3a-4b47-82fd-b394087c91f0,19e4cec3-0087-4953-8ea4-b4778de468a7,e93631ad-b155-4b60-8ca3-90d2f9a9a517,1,1756451806744
0cd0ae1c-3e5d-41ef-9873-f4d5361c4508,19e4cec3-0087-4953-8ea4-b4778de468a7,b0022cd3-2ba1-40d1-a6a7-b6b9927eee99,1,1756451806776
27c9824b-3fdb-42d4-a133-b99959310284,60d6d410-16a0-446b-82bd-24cc6089d190,894a57a7-b2c5-48e0-999f-b264f4162bf3,1,1756451806814
75faadea-f648-44e9-a7d2-2d28e066363d,60d6d410-16a0-446b-82bd-24cc6089d190,a4caac7d-7458-4e0b-a4ae-737fdcb7bf2b,1,1756451806853
f7e8d38c-7e8e-4289-9a49-d9f926c4b6ff,60d6d410-16a0-446b-82bd-24cc6089d190,17433935-a726-47da-b708-c795cfdbcfe1,2,1756451806935
2bb856c2-0dbd-44b5-8a80-e6d0f666ea46,60d6d410-16a0-446b-82bd-24cc6089d190,d18525e3-10ed-4bd2-a087-c3a832e78eef,1,1756451806967
65e1358d-b550-4da3-8026-b991f82aabe8,60d6d410-16a0-446b-82bd-24cc6089d190,83eebc84-5e22-4038-a484-2fdf56856bc8,2,1756451806997
ac6fc71e-a213-48cc-abb5-e90d562ea2c4,60d6d410-16a0-446b-82bd-24cc6089d190,ff1e9097-e58c-4e3a-884a-3378797d29ed,2,1756451807030
e98e323b-e97b-4a4a-95e7-47d2839963aa,60d6d410-16a0-446b-82bd-24cc6089d190,1904f432-6c9c-4c13-b324-c545aa13198b,1,1756451807068
8e9c3a38-10cf-4285-b01c-647f98c9614c,66dea2c0-7e16-48f8-b5a1-a24c5bbafc7d,b32010ae-8b17-4722-8b01-ecf3a529cfb6,1,1756451807100
06de5f0b-956d-4ca7-89e1-ef09b17c0a1a,d271f76d-7cf7-4714-a2c6-e33dca2a544e,bd962784-cbf7-46e0-ac25-7f8eb3f71afb,2,1756451807168
3668eb96-dde7-4cdf-a0b2-4596a9e7e96e,d271f76d-7cf7-4714-a2c6-e33dca2a544e,7f4b2fde-d890-4f5f-9bab-8a658c0ba2d8,2,1756451807201
c1e8b766-b68f-4bf9-b9b0-80e1b5d83a70,d271f76d-7cf7-4714-a2c6-e33dca2a544e,8982d31b-1460-4735-bf32-cf18c3990eab,1,1756451807236
5ec42e3c-ba66-4032-91c9-05f2f098b051,3c74526b-1ddc-4288-a459-b32aadafae6d,2a8f53c5-12a6-4c3d-a2d5-eb8b8087d113,2,1756451807273
9f2b4e38-be0e-4c7d-bb62-a383a3184ac3,3c74526b-1ddc-4288-a459-b32aadafae6d,589fb1b6-812e-4624-b1e9-b80aa6ce5192,1,1756451807308
945c32a4-c0ec-424f-add3-5745dae5f350,3c74526b-1ddc-4288-a459-b32aadafae6d,324400cc-e668-46d0-aba0-67b11798bafd,1,1756451807344
fcd5aada-447d-4714-8089-ef65d7405bcf,3c74526b-1ddc-4288-a459-b32aadafae6d,d94b5df8-dd3f-4a8e-b3ec-600b65b9c64a,1,1756451807390
0f01ab83-1de6-420c-987a-0a70dd8eaac6,35da6c39-e675-41a1-a980-0831c60de284,ac96742d-637f-4ce9-ad58-c03e571bc931,1,1756451807424
62c50991-6a01-4e4f-beb2-ce4d9892506a,61f2f3d9-df49-4721-9d86-c9cd38b226ec,39ad0e96-270e-4912-9589-8c07bf9656b5,2,1756451807462
294cfc6b-53dd-479e-9799-cc13eb80302e,c8f57ba5-7fd8-403e-b47c-49ae7bbf2298,7a4d2181-9736-41c2-808b-5b3e49e72c2c,1,1756451807496
1615e7d8-babc-452d-bfed-bf5d81a29177,5127c184-422b-4e0c-906c-1f742975b5e1,af6d4061-7079-45fe-9358-8323e1ecd6a4,1,1756451807532
134acada-ca06-4c0b-8f6d-762e1af7e2e4,5127c184-422b-4e0c-906c-1f742975b5e1,d8aeb407-3019-4352-9dc5-d8b353905fa2,1,1756451807568
03b6d74b-04d3-4a78-9e4b-8ead0a5bd4dd,081c2474-327e-49bf-bd56-eb8e0a2bd1bc,29e2baf8-227c-439c-b5d9-3dfd5aa86bb1,1,1756451807603
0243271b-9a83-4034-bcd0-41f213371c40,081c2474-327e-49bf-bd56-eb8e0a2bd1bc,4aab7d68-7ac8-41eb-8c9a-b09f110cfb25,1,1756451807637
5cb3181d-b8df-4d60-8daa-fe3c8ef64254,eeedfa80-d376-486e-aeef-f5a467e26e6a,fe26b376-a22f-480d-b6db-30aa73693eb4,1,1756451807672
1355f9fd-8eff-4caf-aa34-bbfb771c46ef,aac2ee4d-4cb3-4ee3-a245-69868bb0ee31,1b43fa84-e585-4ac4-ab49-348e46f59563,1,1756451807706
c0e41c28-12fd-4896-8e71-46e5c76e7ee5,aac2ee4d-4cb3-4ee3-a245-69868bb0ee31,a27ca650-baad-4a79-aadd-537f71b99f6e,1,1756451807748
b4316d10-62a3-4bf3-83b2-0bcbc68d3eed,aac2ee4d-4cb3-4ee3-a245-69868bb0ee31,7a21dc73-ac91-4089-9ca3-3d8ccc067423,1,1756451807782
11717231-5ea8-4edd-8169-8b2e8a2e0465,aac2ee4d-4cb3-4ee3-a245-69868bb0ee31,83966b15-3681-4ec3-9731-1cd230a19461,1,1756451807820
21ad99be-7d53-4b34-81d1-637d77e0b916,aac2ee4d-4cb3-4ee3-a245-69868bb0ee31,5c04fd40-d6d7-4b3e-9833-bda631ad88dc,1,1756451807857
881e52aa-58aa-41a8-954c-0f6d96b8fb49,a24402d7-deb4-4371-9227-e6bb6c911c51,7114c2a5-e9b6-41ff-bfda-a33f77a9d4ac,1,1756451807892
de15ca64-7c20-45d4-a831-f2845a1b71f9,a24402d7-deb4-4371-9227-e6bb6c911c51,0b56f66b-85a8-4d10-b6e1-456a18ac5775,1,1756451807929
702df738-e492-4532-9da0-4b1ed1c46065,c85c6bd0-e0eb-4e82-ac18-401fd8cc283d,b2da33d1-13cc-48f6-9b67-d9e122c574e5,1,1756451807963
37b5be99-a991-478d-bcf4-5d6f51a882f3,c85c6bd0-e0eb-4e82-ac18-401fd8cc283d,36eff696-1965-4655-a8d5-59d0503de05f,2,1756451807999
1a0a1933-ad10-486d-b6b9-d5db7d07f5c6,c85c6bd0-e0eb-4e82-ac18-401fd8cc283d,841d6653-8d6b-4438-9afc-69296637f6f9,2,1756451808036
d1fd0126-e89d-408f-9c7f-f5585da35a6f,c85c6bd0-e0eb-4e82-ac18-401fd8cc283d,3fe2ed13-eecb-4e41-a6ac-7691c137aaad,1,1756451808073
148b4b8d-ff3d-4cc0-9af0-5d57495d4ea1,c85c6bd0-e0eb-4e82-ac18-401fd8cc283d,6d2c8596-b4b2-424c-99aa-519c034fb3c5,1,1756451808104
571b9d94-25bd-440f-8dc1-84f0516a25fe,c85c6bd0-e0eb-4e82-ac18-401fd8cc283d,e2da690a-38da-4189-89ec-26643e57b66b,2,1756451808138
5112f4c5-a679-454e-8de0-70e297e81260,c85c6bd0-e0eb-4e82-ac18-401fd8cc283d,6ab8c8b2-5f70-45de-b6e8-079cec81e296,1,1756451808172
4fa5a63a-290c-4c51-9539-44ee29ead05a,79fc0932-0996-4cb8-ab3e-42ef9952b863,599f8199-98a3-45c3-82ff-9b1b507b50d1,2,1756451808206
02ca841d-7c19-4cee-995b-8d1299fa8a4c,79fc0932-0996-4cb8-ab3e-42ef9952b863,e6590acd-cfde-463e-b5bf-20ffb281d277,2,1756451808240
e35a3e1e-4cfc-430c-a45b-78c97b46689f,79fc0932-0996-4cb8-ab3e-42ef9952b863,ac1137dd-3c5e-4c22-a42b-48e22e992b3d,1,1756451808273
d290d0e1-2c32-4e98-a65d-4dd49b31e22b,79fc0932-0996-4cb8-ab3e-42ef9952b863,9f070bb8-6c6e-4eed-8872-52eb6b6b8f5f,2,1756451808309
cba2dbb3-4362-44c8-921b-0b5527af06d6,79fc0932-0996-4cb8-ab3e-42ef9952b863,cec65d80-e490-42a9-8ca3-a5f606cfd8ce,1,1756451808346
50bd7b54-47e7-493c-9f71-58ab7dfc5511,79fc0932-0996-4cb8-ab3e-42ef9952b863,80581809-c585-4d9f-9091-f0b0f10ad6ea,1,1756451808383
81247064-83e0-4fc0-90a6-43e646cc6799,79fc0932-0996-4cb8-ab3e-42ef9952b863,9d012e88-7fdb-4441-8cf8-c013801a27ff,1,1756451808417
49c5a0dc-4d80-4e4b-b659-47a6e521d2b8,35095fbe-8355-44a9-9659-eba6108d6c42,36d47499-26e2-4534-99ce-22ddaba51593,2,1756451808454
3b32f669-aee8-40b3-a33f-7b959d52f9ea,46b945f7-dbc1-49c3-9041-5b1766e5a234,968cc8a1-9ce0-4bd7-9f53-15a1b229f8ee,1,1756451808492
6172393c-6075-428b-acd7-95a8342852db,46b945f7-dbc1-49c3-9041-5b1766e5a234,818322ca-69e0-4d88-a244-b9f5cab96e0a,1,1756451808532
26e52041-5cb2-43c0-b131-b44f4ec59557,7b05f13e-a6b9-4c07-9991-21200059fce9,271277e5-6b23-432d-880a-3ea1e382f4de,1,1756451808572
bb76e458-1156-451c-b6ae-debda4818402,7b05f13e-a6b9-4c07-9991-21200059fce9,8235097d-48cb-4299-a525-ae7b79230112,1,1756451808679
da77d64e-b435-45e7-b41c-499630222b9a,4e534d8f-3293-4c27-a60c-efaa75bd5dea,ef7eb75f-7c6c-453f-a775-ae572e577b73,1,1756451808764
d2c4391d-ff2d-4166-9ded-8e0d3799918c,a3f89d20-b802-4380-a7e5-f9091fa32f55,dea8b840-50d7-48f6-9492-049b272ea32c,1,1756451808827
7463dd6c-1d72-47e5-9de3-4ef163f6753e,73921720-1b88-4b42-9516-2943969c7fef,a34988df-0310-4a1f-8da8-9c89c6ab1643,1,1756451808859
251c4be6-59eb-4fcc-9a05-bd656c13689f,73921720-1b88-4b42-9516-2943969c7fef,3bdbd0c4-e96b-4883-9f75-d8e7e9932a76,1,1756451808895
695f830e-75c1-43d7-bc69-9d2635af4700,73921720-1b88-4b42-9516-2943969c7fef,b6f44a21-30f8-4f5a-99b1-df9de22e2a86,1,1756451808950
109865d3-1ba1-4bd7-b2c0-7e0b27d86a64,73921720-1b88-4b42-9516-2943969c7fef,0c9c5ee8-4979-4218-8c5d-b83d853f0c15,2,1756451808982
eb4bcbf4-38e3-4698-b7b2-72f4c5d8dddd,47b76b4e-4e75-4374-aec0-c9ed0993da6f,a39e64c4-e7d8-4272-87db-3a1d0912443a,2,1756451809020
07b7c5af-46ac-471e-aeaa-fdb5290908e3,1375daae-5b38-4ac6-bef5-ded393ecaf9a,f72ef339-f63c-49eb-849b-21e382775162,1,1756451809068
bfc03531-eb03-4edb-827f-b5fee0c6aa7f,65a95a3d-06a1-46d3-9dae-e9bf34a694cd,9379f021-e37e-433c-8f26-04fae71a4717,2,1756451809114
a04d775a-8db1-4599-b1b9-a932a4d515ae,65a95a3d-06a1-46d3-9dae-e9bf34a694cd,18104840-6f86-4b78-b5dd-ee4a6cccc093,2,1756451809151
d87ed8c8-dcc8-46e5-b1b7-c5c209993a2d,65a95a3d-06a1-46d3-9dae-e9bf34a694cd,1afd7206-eae6-4e40-8fd1-b2b1f39c7e63,1,1756451809194
724c2a9b-5cd7-4f44-98ea-e6b518697a52,02d61d9a-3342-46ba-9e3b-e41b7c42d790,429642f6-09ef-4a5b-ab8f-bac8fb6b6055,2,1756451809242
52cffdbe-1261-4dbc-8673-281197a7e6a5,02d61d9a-3342-46ba-9e3b-e41b7c42d790,9bf1fa17-a75e-4869-a8d9-7c1002061be7,2,1756451809290
e7d8cf24-1aa2-4a23-9f4c-828b94accf06,02d61d9a-3342-46ba-9e3b-e41b7c42d790,67585f2d-2875-4d9b-a46b-17a6cfbe51d0,1,1756451809358
09b0f7a7-76a8-434c-b823-d482a95b9a36,88d2ae62-4d66-4a50-b11c-b3be915b88be,7b8e3f3d-e6d5-4f33-ac14-195beda17173,1,1756451809489
87602e1b-69d3-4ea4-af6b-3a37a36550b7,7bfa73e5-f13a-4a56-8859-3366616a4222,26803e5d-a244-40da-bc22-74c2a25012c0,2,1756451809536
5baabe4c-7452-4971-b7bd-1f745b6de427,7bfa73e5-f13a-4a56-8859-3366616a4222,47a57fcc-636e-4948-a344-3dc9c8bc5758,2,1756451809581
7ba967f3-bbc6-4d2a-b24f-e164f44f22ac,7bfa73e5-f13a-4a56-8859-3366616a4222,10e898f9-f4a1-431e-8b92-092d8d132585,1,1756451809626
881d7536-cbb9-456f-bcb8-9bfa60624ac6,bf43858e-2bad-4ea6-bb2f-7725add91261,85c69092-4d10-4715-8510-7d286b918bd2,1,1756451809666
f926bc03-b2cb-497c-8e41-cf340c2a63fd,7230bbd4-0b7d-4b16-934a-5bcf02a2c13c,c82c2978-d49e-4b5e-89f0-d865b0da651f,1,1756451809701
4b35475e-71b6-4385-adfb-ba58ba084c3a,7230bbd4-0b7d-4b16-934a-5bcf02a2c13c,294b63ed-c2eb-4f68-b372-f47e6008119a,1,1756451809736
2b58085b-d3b9-4b34-bd98-be3fce1e0c97,7230bbd4-0b7d-4b16-934a-5bcf02a2c13c,5eb807dc-3ccc-4b08-855a-6e91e55ff6b6,1,1756451809772
456da91a-61af-43f9-b81c-ae9bc99954c1,7230bbd4-0b7d-4b16-934a-5bcf02a2c13c,299fb498-236d-4b7e-b939-a13884746481,2,1756451809815
93cfddc3-693e-4b4f-8dc9-041d84277753,b8052b26-b22c-4274-8697-9bf0455e1c85,fe756094-8937-40e4-9e07-3cc6179c1ec2,1,1756451809854
5949be8b-2107-41e4-ae9d-3ab632efc072,b8052b26-b22c-4274-8697-9bf0455e1c85,c7ac0471-8aff-4f5d-a9e6-16fccaf414b3,1,1756451809884
d5704645-583e-48cc-b3ae-1894a2cc6145,b8052b26-b22c-4274-8697-9bf0455e1c85,77bd3dee-0bbd-4458-a2cf-e3aacd2c1cea,2,1756451809920
6260d107-f311-449c-aeea-4ec0b01c52b0,b8052b26-b22c-4274-8697-9bf0455e1c85,069f37a2-4bf4-4e61-ac9a-0bb05e1b4118,1,1756451809955
f58af627-d0be-46c3-9b41-9d4d7ec3d353,b8052b26-b22c-4274-8697-9bf0455e1c85,ce14e257-52b3-43ab-bd11-b9553b422db4,1,1756451810032
81422c5b-d20d-4e51-a991-659d0d998d54,b8052b26-b22c-4274-8697-9bf0455e1c85,380bf070-c486-4f2b-9a0f-68e756015d1b,1,1756451810068
39895253-784c-469a-bc0e-68c94d0e0236,b8052b26-b22c-4274-8697-9bf0455e1c85,e5201e17-86c2-47fe-91b7-1fce621ba5fe,1,1756451810102
2ebfac7b-72b8-419a-91e9-8acfa4b68bd6,b8052b26-b22c-4274-8697-9bf0455e1c85,a4f31391-6915-4528-ad55-cf186e80b31c,1,1756451810135
1cb0bf10-79d3-4421-ba99-f95d230f71f7,b8052b26-b22c-4274-8697-9bf0455e1c85,dacfb667-df21-45ae-9592-7cd67c673b1c,1,1756451810166
4785d8e6-4d00-4edb-b2b4-5e05159bd9fa,d6f608ac-87b2-41c3-afea-ced7883b6757,433d6175-e2b3-46e8-9aa9-f442f5f72163,2,1756451810201
8c3f7e57-5542-47d5-abb1-3b4cacf452c5,ae753b6c-2814-4e73-a58d-c1f5418b0cd6,5ac598a7-37a3-4a7e-a704-a7eb4e37f0f5,1,1756451810235
8b195cd0-a2e8-441f-8d1d-db88a6d2f5ab,5a06b75b-6f36-4bf4-aea3-c3ba83e8b0e2,382245fb-628b-47a5-a35b-b48eb54e8be4,1,1756451810272
e9b68e04-eea5-44b8-b2db-c31aeb7173d3,36c6075e-e5bb-4433-9ca3-caad71845e41,90fb5301-4e30-4956-81ba-36725789ce2b,1,1756451810307
a7803b42-a26a-4efc-b54a-395c2ff39996,4ee7c1c7-68b3-4746-9074-b254d47232f7,c477df85-ec81-4b6a-ab7c-8da21ed48a26,1,1756451810343
ea7eb6c8-928a-4517-8ea4-d6f3a4b3b22d,4ee7c1c7-68b3-4746-9074-b254d47232f7,2159786f-f661-4e72-93b5-de8a279e384e,2,1756451810380
d355b618-e315-4450-b084-84bad31dcf86,4ee7c1c7-68b3-4746-9074-b254d47232f7,9d540da7-7bde-45f0-a6a5-ffe08dc0287c,2,1756451810419
ffaa6154-463a-485e-904e-451b1328dd9b,4ee7c1c7-68b3-4746-9074-b254d47232f7,d6d18191-a064-4524-be93-80903040b11d,1,1756451810454
d125cc8f-bde0-49b8-ab22-69ed01641d48,4ee7c1c7-68b3-4746-9074-b254d47232f7,10853dc6-ad7c-4279-a260-55e177f55cd6,1,1756451810488
83715266-770f-468c-81d8-28fab4c7dcdb,4ee7c1c7-68b3-4746-9074-b254d47232f7,1ed94892-f1a6-49ba-8693-0972b3fb4d55,1,1756451810522
c652be16-b625-49ad-93ff-20b2a5ebb400,4ee7c1c7-68b3-4746-9074-b254d47232f7,b1c4094c-54b9-4c67-a72f-b97653243f7d,1,1756451810554
af6d90b7-d4a6-458e-b9c2-f760e7ad1a2a,4ee7c1c7-68b3-4746-9074-b254d47232f7,d0f36f1b-fbd3-47d9-be58-2f16274474b6,1,1756451810598
ecf0a36b-5ae8-48a2-b59f-536d69255121,85015fa5-69b1-43d0-b248-2653fa33fada,9ec02422-c5eb-485f-9313-1f91b3bb377e,1,1756451810634
315afea3-8d84-459f-99e7-6c1a540a235c,85015fa5-69b1-43d0-b248-2653fa33fada,2fe6c89c-33c2-4193-b691-c5d74955b1ae,2,1756451810672
98b25b78-fd37-4b32-bf68-27fd27426c08,85015fa5-69b1-43d0-b248-2653fa33fada,a826774b-7c8d-4dca-8579-d588f1cb2854,1,1756451810712
f7343fc8-244b-41da-96f1-14c07918fa68,85015fa5-69b1-43d0-b248-2653fa33fada,c431d2c2-606a-47fe-95e1-c5a476f9c735,2,1756451810747
0800a538-382b-44bf-94fa-0ede0ae7035e,85015fa5-69b1-43d0-b248-2653fa33fada,bedf65d1-2de1-4cfd-8510-01745b34a5b0,2,1756451810783
fa79fb80-eb45-4d8c-b79a-bc533d731eb3,85015fa5-69b1-43d0-b248-2653fa33fada,64a0415f-d003-48bb-b1eb-31b6e50e4610,2,1756451810821
119f83bd-a9c4-4958-9be5-91ed25821e24,11462da6-1e0a-4862-862c-a538a172b605,ebe01195-d4c4-495c-906b-3f24b6ab358f,1,1756451810859
0401a10d-ba16-4368-9d80-a156fc1dbb1f,337ce0cc-8a9f-4a01-b271-0b1624f256e3,446d08e3-93d3-4d43-8d20-abd305e1b6eb,1,1756451810897
7879a1fd-8f55-4d20-8463-7c52e52b3a21,337ce0cc-8a9f-4a01-b271-0b1624f256e3,87211d69-25f3-400e-a8b1-9010f8b4b0c5,2,1756451810927
33f5af5a-b04b-4040-b051-9a36595264c2,337ce0cc-8a9f-4a01-b271-0b1624f256e3,900533ec-cafd-4d6d-a553-c1fe73433804,1,1756451810966
6ae7f7e0-9273-47ce-b13f-57f9c7067050,337ce0cc-8a9f-4a01-b271-0b1624f256e3,09fd3a77-2e89-4a3d-9e32-a43859269186,1,1756451811018
d025d0d5-5bf8-48e2-8b42-08b940e7dd09,d8c6717f-b21a-4b03-9952-53a61957c9ef,735e66ee-7129-473e-a326-c0b2baec1486,1,1756451811074
665cfcbe-b2b3-46e8-a70d-872cd2cfc3fa,4b5f4990-ba56-482b-b4c2-872f7d767ceb,a2d8b221-b0c2-4612-b4a9-6fcbb01617bb,1,1756451811118
1f781d2b-6e31-4205-b2d1-f88c3b840126,4b5f4990-ba56-482b-b4c2-872f7d767ceb,7c236cbc-4507-45af-84a5-854b214717c3,1,1756451811163
4dab7cf0-70a9-4219-9214-f2ed7fc19022,4b5f4990-ba56-482b-b4c2-872f7d767ceb,f3587dda-41c8-44b7-98ff-6f2eb18b6032,2,1756451811200
6c75149b-e885-42ed-8b62-94b35d12cfb6,4b5f4990-ba56-482b-b4c2-872f7d767ceb,a263404a-1311-45c7-bf5b-9c1af6f5bae3,1,1756451811231
a23b4991-c470-4c59-ad24-56f8a2dca04b,b6b000d4-644c-4c55-931d-475b2de78053,0cbee15c-7f46-4fbb-b601-e77e42712fc9,1,1756451811267
52156559-bb4e-430f-9741-bfed5e8c48b8,fb79870e-f7da-4fe2-bd5f-b11110a4e54c,cc41bfa6-f237-4f8e-a95a-4a6fa4127325,1,1756451811308
e695b88c-10f6-462e-bf80-3ba17dfd82bd,fb79870e-f7da-4fe2-bd5f-b11110a4e54c,9e50650b-d5fa-4eb2-a5a4-bf5cda775bf3,1,1756451811360
78241d08-74af-44ca-8c66-099db69376ab,6fd35ca3-4187-480c-ac7f-6be6f3e9c042,ab4c52d8-5c82-4133-9ecd-cd318c5da718,1,1756451811401
eeb5ffc1-b6aa-43b6-ad73-fb1c4d83722d,6fd35ca3-4187-480c-ac7f-6be6f3e9c042,4facba56-9db8-4735-a4d0-d0eabf8d6ac8,1,1756451811439
7d64dcb6-c148-4ee6-ac4d-8f2f3c61832d,c5808750-15f4-4ed5-948f-bc109c3ec4d9,36dd1b0c-9ea0-4627-9cdf-7cb4c02b4d79,1,1756451811478
cc8d3d8a-1ede-46f9-b9fa-c95e3b40a97e,c5808750-15f4-4ed5-948f-bc109c3ec4d9,46a4068c-1afa-4fe3-8b43-ccc3cdbacfd5,1,1756451811511
54e4b174-f81c-4fa8-b38b-7b61a9f00151,c5808750-15f4-4ed5-948f-bc109c3ec4d9,62ead628-7813-4803-9ced-b74d4204d53d,2,1756451811541
a9181401-a6a3-43f9-ad71-1d2ddbbf09fa,c5808750-15f4-4ed5-948f-bc109c3ec4d9,1e01842f-729e-4727-95fa-1d4be735c42a,1,1756451811571
55e1fbab-355e-46fc-8526-060aa75f2dfa,192f1e2a-5d44-4617-b15a-2418fff7021a,f132dd0f-7b4f-4b0f-b80b-878902d38dc0,1,1756451811609
adcea853-e934-4fd5-93d7-ee52c569289b,192f1e2a-5d44-4617-b15a-2418fff7021a,a4cf8840-e9b2-47f1-bec4-19d9b494b1e1,2,1756451811644
c2c644b0-9abf-4a76-abe5-bb8dd77d7f7f,192f1e2a-5d44-4617-b15a-2418fff7021a,888cbd2e-8db0-415d-80e7-d256bee6f44e,1,1756451811677
b5e52873-cab1-4fa1-b3ff-8c3a8d5b4bbb,192f1e2a-5d44-4617-b15a-2418fff7021a,bc712821-94c8-4923-a514-c043b1f87d83,1,1756451811709
3caeca36-c11b-4338-98e1-db98115fa8ee,64a13561-d0f9-403b-8ea3-c8b005f85706,0dee240d-598a-4b2e-8b2e-0702efde4cdf,1,1756451811743
706011fb-fb43-4550-b8a1-eb19575f28e1,64a13561-d0f9-403b-8ea3-c8b005f85706,c53ac93a-3b9e-44bd-84df-ee6b34fcd2e2,2,1756451811777
5e7d4089-890d-4473-963c-d3150b084efd,64a13561-d0f9-403b-8ea3-c8b005f85706,e211fdf0-c012-4abd-abf5-7894fbe1ffdf,1,1756451811812
541a0d44-a99a-4eb3-9627-4f77e9b5843f,64a13561-d0f9-403b-8ea3-c8b005f85706,549da7b9-c79d-4d42-8d5a-1a36843d48c9,1,1756451811845
59f9308e-ea8b-4108-8fd7-c2204d6b5a5c,64a13561-d0f9-403b-8ea3-c8b005f85706,1e4441b7-7cb9-421e-887f-708079f9eb0b,1,1756451811881
077c43e7-a60a-4122-9df4-76c3ac2fe31e,64a13561-d0f9-403b-8ea3-c8b005f85706,61a61ceb-c22e-4bfc-bcd5-66859ba1c4a0,2,1756451811915
359b1b8c-c8d6-4936-8586-8442b1900027,64a13561-d0f9-403b-8ea3-c8b005f85706,5960700d-a455-4158-9574-6fca94c64ff2,1,1756451811948
dba16ca7-3b69-4b49-a9c6-03ac55243cd4,64a13561-d0f9-403b-8ea3-c8b005f85706,ae079f6c-f363-4bcd-83b5-f3154c15272c,1,1756451811982
ec1d3923-2802-480a-bb1d-9e13cd96742e,0df3a992-c253-4342-972e-c239774a0810,e28266ea-30ff-432c-936c-c6b8cefb92da,1,1756451812015
5bbdbc33-e886-4433-8db6-f23d4c95cff8,1103f659-ef95-4a56-8e16-bfec5dce400e,85ba7210-c5be-4f9a-9be6-e428c9a85559,1,1756451812049
9945c480-44f0-46fd-bf83-3e9d2f1f657d,1103f659-ef95-4a56-8e16-bfec5dce400e,188ceae2-6c72-46a6-9399-b8acb164d7f9,1,1756451812082
6c479c01-911f-44a7-b8c7-ffb6fef53aee,aff560e2-8863-4163-b547-59de1c4a6a6a,382398cc-7ec1-4aec-a945-79a0c91588ca,1,1756451812116
095196eb-1750-43f7-b934-cadef8d9662b,c8e696e1-d7af-4ad9-ac0f-7676d5d2c240,30190a24-01c0-45cc-9424-aeccc20005c3,1,1756451812150
460faf27-b45c-43a3-bef1-976c879d74ed,e6ceb6a9-9e5b-4c7e-9a2f-80a461ea017d,ec3f563a-c585-4746-aca5-5d086f61a6fb,1,1756451812183
a32cfad2-2496-46e0-a4b2-ec6f258df6b3,e6ceb6a9-9e5b-4c7e-9a2f-80a461ea017d,bbff7a91-6585-45eb-a733-6457209be805,1,1756451812216
4ff1eb34-79e8-41d4-ae83-39b2b80d2c39,5bdc8ad4-f5c9-4d17-b33f-ac81ac07efeb,6f04d935-8746-4e6f-8885-e8aa10c969cf,1,1756451812250
b8a3127b-0d08-4490-aee0-f72a2752b2e6,59e51c03-caef-4c09-bf11-115094da7931,4ba265df-c7a0-4866-a118-bea5849c9a89,2,1756451812283
e9e09932-7dc4-40a9-a342-c6d9496f1933,59e51c03-caef-4c09-bf11-115094da7931,c3663192-99d5-4abe-b5ce-b4fa91c851cc,1,1756451812319
7b22aa86-f328-4e0d-9009-6face3145de7,59e51c03-caef-4c09-bf11-115094da7931,60e4d310-9df0-4821-b5d7-82218ee7e96a,2,1756451812361
76937ac7-7e5f-40be-8de5-0c7b64a44cd8,59e51c03-caef-4c09-bf11-115094da7931,d8514f9c-a49e-4ae5-acfd-2db3eb7443df,2,1756451812404
e815c318-bccd-4125-b523-0bf98bbe923d,59e51c03-caef-4c09-bf11-115094da7931,369c9def-bfad-4d58-9632-332a2621fbf8,2,1756451812465
aa6cdeae-25fe-406b-9f27-6f9de8fc98cb,59e51c03-caef-4c09-bf11-115094da7931,07c3a526-58c8-4a88-bc98-1e7ea623d439,1,1756451812534
06c9a7a4-123c-4faf-b443-7e500a238625,1e5f75c7-cd6d-481c-9412-e28c1bf8f3e0,ae0bcd7f-aae3-48f5-a508-1234a119a1cd,1,1756451812568
5bef5c87-ec9d-406c-9df6-dcd3c067d9cc,1e5f75c7-cd6d-481c-9412-e28c1bf8f3e0,5c6b322c-8b62-4f3b-bb65-0cb4d1ffe9c8,1,1756451812606
17c77906-e95e-455b-916a-899c8fa7431e,1e5f75c7-cd6d-481c-9412-e28c1bf8f3e0,6ee3a590-761e-40a4-94a5-656b751c029c,2,1756451812642
251482e0-6d3f-45e3-9f11-90e157c2f88d,1e5f75c7-cd6d-481c-9412-e28c1bf8f3e0,41fc73de-283e-4c28-aeaf-1c509b9be0d7,1,1756451812675
eb11097d-8cd1-42f8-a9fc-e97cb5314435,1e5f75c7-cd6d-481c-9412-e28c1bf8f3e0,aa76205b-4a51-476d-a27e-004857d4a890,1,1756451812710
c60adb00-1617-40d5-a76c-42e414144ddd,1e5f75c7-cd6d-481c-9412-e28c1bf8f3e0,f02d07fd-e0e9-4336-abb6-77a0cac94002,2,1756451812744
36b0034f-4227-4bfe-bdac-4dcdb35cd533,1e5f75c7-cd6d-481c-9412-e28c1bf8f3e0,83e32634-4f71-4dab-aa20-993f44c78097,1,1756451812777
c53ec95d-cdf6-4acc-8d11-aea75cdf4d48,1e5f75c7-cd6d-481c-9412-e28c1bf8f3e0,c273c1a0-f8ca-4c66-a62e-78a59d39104a,1,1756451812810
a187d352-4329-42f1-bca6-e3e7568130e8,c9873c66-39c5-4a7b-a892-35d7b325dc3c,16cf627d-6540-4199-a576-1c8520caac33,1,1756451812846
18ac7a10-2456-4f33-bc0e-79c24acfd2d7,c9873c66-39c5-4a7b-a892-35d7b325dc3c,a58d71e5-ee8c-47f2-b966-904e39bfebca,1,1756451812883
2421c955-7f2c-4ad7-ac7c-e4b85bc3dec1,c9873c66-39c5-4a7b-a892-35d7b325dc3c,6a7d5971-739a-4a89-8cb8-ed9c743285d2,1,1756451812917
dd1589ce-c5d1-4780-992e-79a83335844a,c9873c66-39c5-4a7b-a892-35d7b325dc3c,a97421a7-f3b2-4c94-bb72-6e6b4afa5e94,2,1756451812950
5936da4e-4873-46d2-a735-07418ee1f6e1,673d0857-3ff4-4a13-895d-40870f0c9388,d850a9c6-6aa8-4c69-ad63-375588516b0b,1,1756451812982
c9a520a1-f304-49bd-abab-ecdefded665f,832bdc67-1c0c-461c-afdd-2ad28a233961,0fdb23da-c70b-4f4e-b931-821235f3e2bd,1,1756451813029
f58bfbad-b397-4a19-b9f2-82460168ecb5,8a2e622a-6cc0-4f86-828d-22fd867ca9f6,fc4eab7d-f8c1-4e99-8107-62125759beec,1,1756451813067
44cde60a-3f1f-4674-b7e1-f500c1e25cc4,246f19c5-1333-4ccc-8def-7a9fc70c1c94,61dbc211-60ee-48c2-aeab-0b01d9b0efb0,2,1756451813104
63876abb-7dff-427f-8684-8856b28adde8,246f19c5-1333-4ccc-8def-7a9fc70c1c94,a2638bba-362a-456a-a07f-e68c80dee158,1,1756451813138
f164adf8-8c63-4333-a99f-47e4ced84a69,246f19c5-1333-4ccc-8def-7a9fc70c1c94,5a1586dc-2873-4d89-a5a1-038503f83de9,1,1756451813178
a083c45b-faf3-4cd7-9068-b1aec5192c4c,246f19c5-1333-4ccc-8def-7a9fc70c1c94,b625dc5f-1da0-416b-a98b-095e8c38c78c,1,1756451813215
385284a4-af54-493b-bf8a-a28830bcee06,ee33dd81-f830-46bd-a504-f0bbf6d72e75,c3e18b45-2c44-4ca8-9193-173fa9634ad4,2,1756451813251
421c080b-4110-45cb-bcae-734d20ddb397,ee33dd81-f830-46bd-a504-f0bbf6d72e75,9999bce8-1ed1-4874-b570-3d2cf1a87fef,1,1756451813289
fc1730a7-031e-4dfa-b12c-6547cdd1dfb6,ee33dd81-f830-46bd-a504-f0bbf6d72e75,6765db8c-043e-446a-9f57-b7713061de8e,1,1756451813325
0e3562e2-aa89-4f96-8fef-98de9053bd5a,ee33dd81-f830-46bd-a504-f0bbf6d72e75,b31bac6b-40bd-489a-ae27-09f5b6757dd1,1,1756451813362
bb234f36-e379-4762-a7ad-3386d8d1e2e8,ee33dd81-f830-46bd-a504-f0bbf6d72e75,c1b79ec7-82a8-4b1c-9c35-2216351fd046,1,1756451813394
1466fbc9-b227-46be-b5d5-186acc5050ad,ee33dd81-f830-46bd-a504-f0bbf6d72e75,26992201-b314-4c8c-b091-78ee48b2e807,2,1756451813426
c38380ec-50dd-4f5f-9823-8100c135d9a5,ee33dd81-f830-46bd-a504-f0bbf6d72e75,e870738a-5423-49b3-b0e3-7fdc6297c998,1,1756451813459
b4a59ea3-9573-4e00-897a-87da12ac1e7e,ee33dd81-f830-46bd-a504-f0bbf6d72e75,c9f404b4-e65a-4411-a25e-150cd976d332,1,1756451813494
dcaeb000-ebf9-4b2e-b403-45fad5bad5cb,9a11cca4-2779-4d6e-84c8-140179b2a8f8,9080eb1d-06f2-4cb7-99c9-4c4658be10d3,1,1756451813528
69b3b1de-3be4-4a1a-9238-8622f367c352,9a11cca4-2779-4d6e-84c8-140179b2a8f8,c98880ba-2d05-4070-a116-c042058cb952,1,1756451813562
47f2a558-6740-459c-95ee-3675597c3464,769f308d-2e76-42a8-a4ee-d21655b87d38,90c0a2d5-168f-4a01-9082-adfcf7a8e77c,1,1756451813599
598c12b3-ebe7-4a20-bc2f-e5920c01f055,e6c2bce8-b613-485b-9037-bdd8bb11f815,058d2aad-1370-490d-9a69-ddf2bb8c5b39,1,1756451813636
812a401a-254c-48c8-8ded-4e1c24ea7b3a,e6c2bce8-b613-485b-9037-bdd8bb11f815,04da9893-eb1a-46be-8e1f-ae33017b899b,1,1756451813685
364e09b6-1e01-4e7f-91cf-a86e9edd04e5,e6c2bce8-b613-485b-9037-bdd8bb11f815,f9e6876c-000c-4142-a762-0aeb57915248,1,1756451813717
3a5803cf-757d-4df5-a040-e740323ab4a1,e6c2bce8-b613-485b-9037-bdd8bb11f815,475fd001-4731-4a73-9ef2-5923a84e58ce,2,1756451813753
cf223e90-00e6-42fe-9847-4bde80a0606f,e6c2bce8-b613-485b-9037-bdd8bb11f815,c4f014b1-b466-486a-ac3a-4302f5ad7152,2,1756451813789
ad1fbf70-6e80-44dd-a129-687d5a4dc44b,e6c2bce8-b613-485b-9037-bdd8bb11f815,ad05444a-e840-4c95-b767-a571c25d4687,2,1756451813820
3a42d7d9-e8ec-48d9-b6c8-28f6c82d8b8b,e6c2bce8-b613-485b-9037-bdd8bb11f815,d11c10c6-de87-4a59-a3c5-2643d5902bbc,1,1756451813849
bb589752-0270-4153-8b78-fc3a06122d16,2ee1a9eb-6fcf-49eb-82d8-706ce66374ad,a17f2d87-e515-4913-a265-4de0ed8a5f4f,2,1756451970144
f4868956-416e-494d-8a35-d2f8e8170eec,88d2ae62-4d66-4a50-b11c-b3be915b88be,9e6b3dac-66ab-45f3-8bf1-2df5c445a5fa,1,1756453159060
